"","baseMean","log2FoldChange","lfcSE","stat","pvalue","padj","gene_biotype","external_gene_name"
"FBgn0000406",1168.05577305735,0.940952929850565,0.32754931173936,2.87270617316793,0.00406972431299167,0.0613881197976496,"protein_coding","Cyt-b5-r"
"FBgn0000411",106.561256724594,0.942158578694092,0.30776108440267,3.0613310988383,0.00220355274832065,0.0424571247308267,"protein_coding","D"
"FBgn0000489",749.481727469955,-0.587228613520914,0.164297402078193,-3.57418076057855,0.000351326167157732,0.0109678248069969,"protein_coding","Pka-C3"
"FBgn0000565",2910.44884608151,0.927705266552546,0.206269930398316,4.49753032233592,6.87473587894701e-06,0.000431969869081607,"protein_coding","MsrA"
"FBgn0000578",757.854208539422,-0.752330813348067,0.256830273316409,-2.92929179895087,0.00339735325038841,0.0554727869438658,"protein_coding","ena"
"FBgn0000592",141.092644942139,1.60980227785578,0.584376427815713,2.75473513514724,0.00587396656935364,0.0768523610168085,"protein_coding","Est-6"
"FBgn0001114",415.830871375015,0.903488770009694,0.320629723960083,2.8178571807091,0.0048345308985253,0.0688205588945918,"protein_coding","Glt"
"FBgn0001208",136.232173303886,0.907964396161302,0.334461913050413,2.71470191592322,0.00663354483431198,0.0838973330647278,"protein_coding","Hn"
"FBgn0001226",245.512633696724,-1.77094953824772,0.559658575643513,-3.16433914411375,0.00155435555974709,0.0339241539754536,"protein_coding","Hsp27"
"FBgn0001285",16116.7869324991,1.03726798301781,0.351660786662537,2.94962652180267,0.00318158274005305,0.0534811205355693,"protein_coding","Jon44E"
"FBgn0002531",30.5589720411197,3.71925766276894,1.07325880996789,3.46538749854774,0.000529467995296846,0.0151990402986717,"protein_coding","Lcp1"
"FBgn0003082",503.45082179871,1.14306594620517,0.16410268330409,6.96555305001938,3.27116125259225e-12,8.49210677811121e-10,"protein_coding","phr"
"FBgn0003308",2935.80204227777,1.09473807656885,0.388130869443565,2.82053854190547,0.00479431138488488,0.0684455597856575,"protein_coding","ry"
"FBgn0003390",569.101382351772,0.82824431991039,0.225647558302954,3.67052196859313,0.000242055663622387,0.00829124695012101,"protein_coding","shf"
"FBgn0003655",18.6733389203743,-1.12341425731185,0.417233928680725,-2.69252853156988,0.00709124678196923,0.0873171702401043,"protein_coding","swa"
"FBgn0004045",15077.0178828341,1.57037357622921,0.429734652992814,3.65428658194681,0.000257898080191262,0.00876536237534306,"protein_coding","Yp1"
"FBgn0004047",9423.1472954459,1.13208884631305,0.416017649365826,2.72125196620576,0.00650351697305381,0.0826347867249818,"protein_coding","Yp3"
"FBgn0004108",174.359368827655,-0.715687649263286,0.264349248893341,-2.70735646974375,0.00678213903614147,0.0852303204987715,"protein_coding","Nrt"
"FBgn0004425",3445.57877425197,-4.14145357232397,0.679750421171298,-6.09260905670011,1.11085116488026e-09,1.88940461061099e-07,"protein_coding","LysB"
"FBgn0004427",39759.2219038193,-4.23618414130228,0.391442537963885,-10.8219821058209,2.70855368065831e-27,1.90856300426387e-24,"protein_coding","LysD"
"FBgn0004607",528.683846533565,0.802800833802425,0.300470017866517,2.67181677394204,0.00754418290409228,0.0914291945317817,"protein_coding","zfh2"
"FBgn0004657",9203.52273341105,-0.811966888980557,0.293280075050038,-2.76857160801675,0.00563026115406663,0.0750574679525234,"protein_coding","mys"
"FBgn0004882",23.3951562038939,-1.32343304096035,0.485092887877302,-2.72820540979586,0.00636799406702738,0.0815644296935827,"protein_coding","orb"
"FBgn0004892",320.880885241301,0.586685754352647,0.208650462256809,2.81181142858217,0.00492633750734764,0.0692767038495827,"protein_coding","sob"
"FBgn0004911",89.6522262506885,3.21178511742564,0.338865877811144,9.4780422808331,2.59098303196546e-21,1.42000264501885e-18,"ncRNA","asRNA:Eig63F-2"
"FBgn0005631",742.294922906916,-0.62383518865382,0.148579329119357,-4.19866742131188,2.6849030968415e-05,0.00140886005586922,"protein_coding","robo1"
"FBgn0005660",752.040893211102,-2.03879346011974,0.450758386057938,-4.52302946141458,6.09607509511863e-06,0.00039564329482464,"protein_coding","Ets21C"
"FBgn0005670",1935.56622231676,-1.45380384185632,0.174917985284685,-8.31134568289363,9.46228403933916e-17,3.45723822400299e-14,"protein_coding","Cyp4d1"
"FBgn0010114",28.4909181018613,2.36305981842046,0.592365820342571,3.9891900195286,6.62992964570278e-05,0.00291406008352378,"protein_coding","hig"
"FBgn0010357",342624.599905425,1.01664314431724,0.137020498431732,7.41964272465238,1.17436688274267e-13,3.51064524189589e-11,"protein_coding","betaTry"
"FBgn0010358",40094.6068049894,-2.42251838907285,0.419164521863274,-5.77939749839573,7.49686118231652e-09,1.17391326291353e-06,"protein_coding","deltaTry"
"FBgn0010359",86963.7295119731,-0.909713520965678,0.184718558005595,-4.92486261687969,8.44196438118498e-07,7.25568617490914e-05,"protein_coding","gammaTry"
"FBgn0010434",11077.869511692,-0.684140301663421,0.247157561911454,-2.7680330570202,0.00563957350912145,0.0750801520478854,"protein_coding","cora"
"FBgn0010497",18930.0143440335,1.21430840356058,0.399998923379539,3.03577917985639,0.00239915000519816,0.0445717792867794,"protein_coding","dmGlut"
"FBgn0010549",251.637640197133,0.895133005208223,0.238686328932454,3.75024832470207,0.000176659535478307,0.00631429825178805,"protein_coding","l(2)03659"
"FBgn0010909",8128.18702718967,-0.775930091474424,0.263405004712963,-2.94576821848912,0.00322153704134616,0.0538202478156126,"protein_coding","msn"
"FBgn0012344",221.183365883835,-4.13274837369277,0.940506767359655,-4.39417186257458,1.11195823010524e-05,0.000656854367663965,"protein_coding","Dh44"
"FBgn0013323",37.2351300706665,-1.42725665865268,0.416538902316642,-3.42646665345008,0.000611488839563842,0.0168973036478916,"protein_coding","Ptth"
"FBgn0013949",103.925319699379,1.33815462385648,0.496192530354062,2.69684556295442,0.00699997263026543,0.0868612955944257,"protein_coding","Elal"
"FBgn0014000",96.7341318227457,0.719637129616195,0.219635854495423,3.27650114900157,0.00105101885056329,0.0251657790310847,"protein_coding","Hf"
"FBgn0014011",2752.47747728244,-1.03171512847187,0.13265769838726,-7.77727294393463,7.41046094274589e-15,2.52083438621339e-12,"protein_coding","Rac2"
"FBgn0014018",9502.01291036338,-0.851686700298311,0.12583486819126,-6.76828857168436,1.30314644068255e-11,2.9896603807752e-09,"protein_coding","Rel"
"FBgn0014135",404.306193343403,-1.00202394216292,0.333026418394164,-3.00884220235327,0.00262245283874029,0.0470872661304216,"protein_coding","bnl"
"FBgn0014141",3343.91541298724,-1.26321868970956,0.226918740327342,-5.56683281375218,2.59411066930025e-08,3.36722391482197e-06,"protein_coding","cher"
"FBgn0015010",20083.4536317582,0.6604727364256,0.142385165492198,4.63863446829219,3.50718715803664e-06,0.000254400009661996,"protein_coding","Ag5r"
"FBgn0015033",1864.58585033271,0.866950887082161,0.294465436929483,2.94415159932598,0.00323841329224834,0.0538734352917874,"protein_coding","Cyp4d8"
"FBgn0015037",1483.49958917666,-2.81354287469842,0.312270040748245,-9.00996736016288,2.06117828282064e-19,9.24251080001162e-17,"protein_coding","Cyp4p1"
"FBgn0015351",240.674748162947,-1.07302265000428,0.36233031699788,-2.96144871037815,0.00306195487197727,0.0525324953253145,"protein_coding","CG14906"
"FBgn0015376",117.512218329208,-0.973701905658311,0.326467278782078,-2.9825405758605,0.00285866752670807,0.0499128409751771,"protein_coding","cutlet"
"FBgn0015399",56.8482286996043,-2.97868299602593,0.516170964999261,-5.77072946369658,7.89291050009392e-09,1.21661815755354e-06,"protein_coding","kek1"
"FBgn0015519",216.514727856666,1.37612072900607,0.313425118783965,4.39058852189376,1.13044282245482e-05,0.000663798716876003,"protein_coding","nAChRalpha3"
"FBgn0015558",21.8586620648968,1.20432849781306,0.42549172713123,2.83043928006061,0.00464841335224551,0.0672384130790351,"protein_coding","tty"
"FBgn0015589",3894.81053597991,-0.848962479898503,0.274636230033006,-3.09122536307928,0.00199332282756841,0.0401320619608126,"protein_coding","Apc"
"FBgn0016013",65.5163138442439,0.977898468183888,0.258000711516542,3.79029368731485,0.00015046926882169,0.00558037344709011,"protein_coding","Faa"
"FBgn0016034",30.2027480464604,-1.96530297523128,0.688868418790423,-2.85294393185006,0.00433162633928876,0.0642578854692986,"protein_coding","mael"
"FBgn0016054",83.604798364306,-1.47842964940891,0.262180361193838,-5.6389793754074,1.71061021275229e-08,2.28042834443262e-06,"protein_coding","phr6-4"
"FBgn0016675",12.8260485260022,-3.7845684782869,1.06646351319014,-3.54870882264507,0.000387124904781316,0.0119166418651022,"protein_coding","Lectin-galC1"
"FBgn0019929",38.024318115159,1.0996270934146,0.375873699682345,2.9255228401027,0.00343877932048757,0.0554727869438658,"protein_coding","Ser7"
"FBgn0019972",889.188202141687,-0.811469554333871,0.255434132560925,-3.17682506326879,0.00148896820859857,0.0327141901510576,"protein_coding","Drice"
"FBgn0020508",7573.950465728,0.77640628928386,0.281610372548995,2.75702305371859,0.00583302388866352,0.0766215454882365,"protein_coding","Ag5r2"
"FBgn0020906",18735.3624739798,4.02709088126972,0.61306590235298,6.56877321967105,5.07314783755248e-11,1.06482134930756e-08,"protein_coding","Jon25Bi"
"FBgn0020907",88.0455787270504,-1.87807276445817,0.59915611062269,-3.13452993495523,0.00172129690540875,0.0369143347214289,"protein_coding","Scp2"
"FBgn0021764",1224.54394152339,0.655516837756316,0.168838398883161,3.88251038917957,0.00010338359784127,0.00414585037684607,"protein_coding","sdk"
"FBgn0021776",615.802242600348,0.695888188373825,0.217800546579118,3.19507089997609,0.00139796493274306,0.0312719366474156,"protein_coding","mira"
"FBgn0023001",1078.58569299418,-0.606725216516046,0.130263288301139,-4.65768386802453,3.19786772775468e-06,0.000241906361018387,"protein_coding","melt"
"FBgn0023212",1160.76171499721,-0.644160319129181,0.088236306017932,-7.30039989432774,2.86913693799457e-13,8.32471643921071e-11,"protein_coding","EloB"
"FBgn0023495",207.543638693884,2.61092067285455,0.512686346449812,5.09262766784085,3.53134767499474e-07,3.28648535979463e-05,"protein_coding","Lip3"
"FBgn0024222",811.305881840409,-0.677993207842412,0.254608291634606,-2.66288738473379,0.00774733372802146,0.0931115012825139,"protein_coding","IKKbeta"
"FBgn0025676",251.76377174406,0.721750235407264,0.137299095753094,5.25677340734416,1.4660476093395e-07,1.50651663188898e-05,"protein_coding","CkIIalpha-i3"
"FBgn0025709",7951.34785572913,1.10416768245076,0.394404027502081,2.79958521073909,0.00511683096396039,0.0707080698094009,"protein_coding","CNT2"
"FBgn0025726",1867.30820388731,-1.25915469937548,0.192710765167664,-6.53390950048883,6.40746719305145e-11,1.31686799707193e-08,"protein_coding","unc-13"
"FBgn0025808",126.390578995773,-0.712574701854843,0.22666457237043,-3.14374096667523,0.00166803020367104,0.0360068226678661,"protein_coding","Rad17"
"FBgn0025866",1375.37566797061,-0.632754267291773,0.226638019656357,-2.79191579705468,0.00523969893360824,0.0716915811096328,"protein_coding","CalpB"
"FBgn0026263",122.33532572769,-0.662843353376674,0.226511330634427,-2.92631433279802,0.00343004177155512,0.0554727869438658,"protein_coding","bip1"
"FBgn0026268",42.2154027989871,1.28266578955849,0.436455537086252,2.93882350106377,0.00329460632909288,0.0544176686424719,"protein_coding","antdh"
"FBgn0026319",458.995506256381,0.767436587470305,0.236134930359302,3.24999180046161,0.00115408335973978,0.0273474958860303,"protein_coding","Traf4"
"FBgn0026374",609.222207354999,-0.814716245934671,0.23328472293607,-3.49236862011722,0.000478757048262308,0.0140563639318681,"protein_coding","Rhp"
"FBgn0026404",892.37869467334,-0.714700210658925,0.241984889458068,-2.9534910723538,0.00314201696622583,0.053327181770142,"protein_coding","Dronc"
"FBgn0026562",709.439919703472,0.834931347584559,0.254171463329676,3.28491380049853,0.00102013576467262,0.0249099983131075,"protein_coding","SPARC"
"FBgn0026602",436.236504809478,0.606518027628325,0.225114961445687,2.69425907426708,0.00705453070678465,0.0872092047900132,"protein_coding","Ady43A"
"FBgn0026721",171.85571606995,1.05645670535879,0.366318612131913,2.88398315119833,0.00392679762399348,0.060058695442939,"protein_coding","fat-spondin"
"FBgn0027538",1908.63300573979,0.886436202731819,0.298927933617405,2.96538430518963,0.00302305028040831,0.0521370472311677,"protein_coding","beta4GalNAcTA"
"FBgn0027561",1709.56869959628,-0.734063404507185,0.229489729836859,-3.1986764942772,0.00138059996524063,0.0309536787661338,"protein_coding","CG18659"
"FBgn0027563",136.722332250751,0.68763668701822,0.253292176379076,2.71479639382586,0.00663165281791802,0.0838973330647278,"protein_coding","CG9631"
"FBgn0027569",3652.77258869998,-0.60890416724757,0.191134047831725,-3.1857441107701,0.00144382239726067,0.0320795224076048,"protein_coding","cert"
"FBgn0027580",8996.42268852577,1.2349111777632,0.417315840192894,2.95917638111315,0.00308462494817511,0.0526467562521583,"protein_coding","PCB"
"FBgn0027610",4557.48399682641,0.753778627379329,0.140818090942101,5.35285361658009,8.65778870577754e-08,9.70557790710176e-06,"protein_coding","Dic1"
"FBgn0027620",500.627101913135,-1.47000573499918,0.168122774179204,-8.74364429314191,2.25709301472581e-18,8.90648903610803e-16,"protein_coding","Acf"
"FBgn0028400",252.620728033143,-6.52170237240321,0.329544742368,-19.7900361739666,3.62781317166941e-87,1.19294589795062e-83,"protein_coding","Syt4"
"FBgn0028434",52.7004256374501,1.13818391772653,0.247519926050776,4.59835268976705,4.25844655415158e-06,0.000291733161504899,"protein_coding","Ercc1"
"FBgn0028490",861.713689708994,0.833856965060292,0.197029828853911,4.23213566144119,2.31482706783567e-05,0.00124735940259629,"protein_coding","CG31705"
"FBgn0028509",3630.88284949789,-0.691197408584606,0.204451674137802,-3.38073733805053,0.000722916121693381,0.0193792596209381,"protein_coding","CenG1A"
"FBgn0028526",353.247625742459,1.13440311939998,0.392489191209239,2.89027862373723,0.00384900517345306,0.0594962253582163,"protein_coding","CG15293"
"FBgn0028543",316.069013822334,0.756717448737315,0.261062133620127,2.89861052709551,0.00374820173254367,0.0585990651213048,"protein_coding","NimB2"
"FBgn0028936",37.065015314087,1.61163241482337,0.582424494523337,2.76710960816019,0.00565557366981144,0.0751293664717712,"protein_coding","NimB5"
"FBgn0028983",7283.88217512596,-0.774125321282661,0.201914452400911,-3.83392725026733,0.000126113454217068,0.00485980166348193,"protein_coding","Spn55B"
"FBgn0028988",242.323933678711,1.06184052550148,0.182754118229663,5.81021394093613,6.23930576926395e-09,9.92754055061112e-07,"protein_coding","Spn42Dd"
"FBgn0028991",370.724801884347,-0.919719627182847,0.237040777341517,-3.88000595297474,0.000104453908292666,0.00417181297695201,"protein_coding","seq"
"FBgn0029608",6507.21217814007,0.721803176224368,0.109032633464254,6.6200655096624,3.59039720028839e-11,7.6998409523576e-09,"protein_coding","CG3091"
"FBgn0029676",1749.35232351311,-0.707612954083812,0.0801952238300572,-8.82362964137771,1.10808276617884e-18,4.75271151667577e-16,"protein_coding","HIP-R"
"FBgn0029710",249.984342189719,1.0334859959516,0.179958037819056,5.74292767623278,9.30534781425695e-09,1.39086751799462e-06,"protein_coding","CG3568"
"FBgn0029756",110.761225413323,0.739957616549477,0.269095132974301,2.74979933070786,0.00596317707476824,0.0779162143610446,"protein_coding","CG3309"
"FBgn0029762",7166.45598934824,0.633689989640342,0.187762296659465,3.3749586627055,0.000738267792736495,0.019630759502279,"protein_coding","NAAT1"
"FBgn0029766",22222.1623052725,-1.04434460066101,0.2518071687886,-4.1473982082606,3.36274897405159e-05,0.00172778742859474,"protein_coding","CG15784"
"FBgn0029769",84.8231096046044,1.47209540028015,0.501610421134762,2.93473847084341,0.00333828924451832,0.054727769440523,"protein_coding","frma"
"FBgn0029836",20.3528668925552,-1.90592297260132,0.72404196520699,-2.63233771547545,0.00847995241581282,0.0988826602624037,"protein_coding","CG5928"
"FBgn0029843",3845.34297508625,0.853252149200848,0.296905381509798,2.87381840255627,0.00405542069270777,0.0612660415521626,"protein_coding","Nep1"
"FBgn0029863",555.75674988696,0.736124509134381,0.236706397297512,3.10986317876808,0.001871740233494,0.0387130039693216,"protein_coding","CG3823"
"FBgn0029990",2673.28833147058,2.03855756170924,0.448050731141219,4.54983648060764,5.36876198258248e-06,0.000357857006474163,"protein_coding","CG2233"
"FBgn0030013",340.804414399569,0.650833987293576,0.164281750785868,3.96169376196812,7.44199530781714e-05,0.00311081710642441,"protein_coding","GIIIspla2"
"FBgn0030041",326.406674583821,1.60786946105632,0.388742146500171,4.13608217048731,3.53285729119515e-05,0.00177814475396123,"protein_coding","CG12116"
"FBgn0030148",10846.7856474445,0.925164030189724,0.149157234539823,6.20260916638755,5.55346362040422e-10,9.61138923075222e-08,"protein_coding","CG3106"
"FBgn0030189",264.933980700234,-0.939115666134069,0.356741247062072,-2.63248411521829,0.00847629865906579,0.0988826602624037,"protein_coding","CG2909"
"FBgn0030218",283.936598405597,1.17891574270842,0.234381199675307,5.02990745137235,4.90716640933184e-07,4.44121069982189e-05,"protein_coding","CG1628"
"FBgn0030294",484.87711659477,-0.919735969526115,0.20477208626766,-4.49151047044526,7.07198234755145e-06,0.0004415513029025,NA,NA
"FBgn0030332",157.718572328079,-0.838519279407589,0.280399000381601,-2.99045031639353,0.0027856644180883,0.0491872350554817,"protein_coding","CG9360"
"FBgn0030334",158.597957140386,3.5083985908493,0.458124322590202,7.65818014423042,1.88586239096038e-14,6.05792428305261e-12,"protein_coding","Karl"
"FBgn0030339",12.4164941656595,-3.68461800151194,0.816425573051745,-4.51310948986945,6.38840207239416e-06,0.000403984528488259,"protein_coding","Cyp28c1"
"FBgn0030357",566.399363673596,0.599248226208062,0.20938295994004,2.86197227501066,0.00421013733934166,0.0630242865745151,"protein_coding","Sclp"
"FBgn0030425",105.264509316517,1.48137978657428,0.440259073108646,3.36479104476902,0.000766016471523305,0.0200003935383368,"protein_coding","Nep6"
"FBgn0030592",25.0307829656745,1.3508488986906,0.41525297978723,3.25307454598582,0.00114163542988506,0.0271379120863039,"protein_coding","CG9514"
"FBgn0030607",43.7063400283654,1.57387799616185,0.382391803899367,4.11587795583621,3.85708371906682e-05,0.00190250654442971,"protein_coding","dob"
"FBgn0030769",283.442401457515,-1.23102061655962,0.43274225038414,-2.84469708115363,0.00444536761356732,0.0652582611723833,"protein_coding","CG13012"
"FBgn0030777",29305.0725861571,0.808149486921129,0.199267083925585,4.05560954172906,5.00037309982215e-05,0.00233785216254718,"protein_coding","CG9672"
"FBgn0030798",141.10580168472,-0.698220162979405,0.22428268300408,-3.11312560393574,0.00185117216216566,0.03852703244676,"protein_coding","CG13003"
"FBgn0030859",168.086947338931,-2.2127151208796,0.508359556131306,-4.35265766954142,1.34497078680737e-05,0.000762536598382453,"protein_coding","CG12990"
"FBgn0030882",7174.66933987603,0.650607158543931,0.183358571995764,3.54827784413025,0.000387758949690603,0.0119166418651022,"protein_coding","Gss1"
"FBgn0030926",44.5256940440292,1.05604823680016,0.387806019620088,2.72313523610261,0.00646655811145489,0.082313026799358,"protein_coding","psh"
"FBgn0030932",3387.83010224362,0.679017539426072,0.192206772555764,3.53274512857799,0.00041126875474255,0.0125221181035039,"protein_coding","Ggt-1"
"FBgn0030984",1356.63355519312,-0.669453238859629,0.180153364494276,-3.71601851977013,0.000202386754492131,0.00700542222128026,"protein_coding","tgy"
"FBgn0031001",15.9336292424916,-2.26758559800631,0.67338033256791,-3.36746633118755,0.000758622889852358,0.0200003935383368,"protein_coding","CG7884"
"FBgn0031033",1167.97922723959,-1.63172010202293,0.450303916748561,-3.62359740018438,0.000290533724086329,0.0096178362017169,"protein_coding","CG14219"
"FBgn0031034",6606.66532255942,-2.13050567431438,0.730155881457125,-2.91787785104554,0.00352422375127774,0.0558946419716317,"protein_coding","CG14205"
"FBgn0031307",777.600436585251,1.23445888370825,0.328971460640513,3.75248017352246,0.000175093683479217,0.00628108795462718,"protein_coding","MFS3"
"FBgn0031313",1420.5482194374,0.602594240589918,0.17127463446838,3.51829237563584,0.000434333541526428,0.0129839405671461,"protein_coding","CG5080"
"FBgn0031317",1585.55134150945,-0.986071689342878,0.261169086281873,-3.77560646009474,0.000159618832106276,0.00585367947482682,"protein_coding","Charon"
"FBgn0031389",61.9017391365069,1.46213354954665,0.498209332495815,2.9347775205695,0.00333786918452511,0.054727769440523,"protein_coding","CG4259"
"FBgn0031490",989.641617412621,-1.31715575292315,0.346004780390746,-3.80675593971758,0.000140801571030474,0.0053033487518286,"protein_coding","CG17264"
"FBgn0031538",142.55269382099,1.21220794717634,0.414963078044451,2.92124290404095,0.00348637890574727,0.0554727869438658,"protein_coding","CG3246"
"FBgn0031560",1115.75121075414,0.912352985761384,0.305404535100835,2.98735899733824,0.00281399068234678,0.0493073145317069,"protein_coding","CG16713"
"FBgn0031564",25.003135485461,-1.20446738098479,0.390249683977092,-3.08640193813838,0.00202594758941714,0.0404574351611337,"protein_coding","CG2816"
"FBgn0031580",8651.56471422844,-0.659491521461309,0.139144847364655,-4.7396043328359,2.1413595310167e-06,0.000166334738373856,"protein_coding","CG15423"
"FBgn0031627",26.3242508576414,-1.45302884431956,0.488848304710522,-2.97235119835384,0.00295528423615547,0.0511471561222345,"protein_coding","fipi"
"FBgn0031632",35.8060684968158,0.991215012050647,0.327632683975498,3.02538501355614,0.00248316804729396,0.0456172305149999,"protein_coding","CG15628"
"FBgn0031645",6988.91784249222,1.71261121892098,0.354180446047846,4.83542001833049,1.32864789700791e-06,0.000106561882146204,"protein_coding","CG3036"
"FBgn0031654",11846.1053748896,4.36881168100034,0.468320040798686,9.3286882909167,1.07189192427594e-20,5.03533992046771e-18,"protein_coding","Jon25Bii"
"FBgn0031688",35.4439310531552,1.01965249740146,0.314702839215405,3.240048612029,0.00119509323314751,0.0278965835066318,"protein_coding","Cyp28d2"
"FBgn0031700",29.164234339609,1.4685042014866,0.522538599676007,2.81032674408574,0.00494912272883812,0.0693510234396838,"protein_coding","CG14022"
"FBgn0031745",266.712236390742,-0.821829094692882,0.298029512016872,-2.75754266458805,0.00582376129092698,0.0766018735133262,"protein_coding","rau"
"FBgn0031747",32.0520337397772,-1.47426150941829,0.421945866818577,-3.49395888276866,0.000475914309894267,0.0140146109465879,"protein_coding","CG9021"
"FBgn0031791",774.533947603171,2.58286482488406,0.386204399005702,6.68781824218922,2.2652222611141e-11,5.07873127406604e-09,"protein_coding","AANATL2"
"FBgn0031801",5012.26658773041,1.31423191798232,0.331322675668189,3.96662231261978,7.28983730212946e-05,0.00310506534758553,"protein_coding","CG9498"
"FBgn0031804",16.8932134460771,3.25662800491132,0.718609556302319,4.53184622490778,5.84704083030432e-06,0.000381993760204981,"protein_coding","CG9500"
"FBgn0031824",576.896523968275,0.679110246422182,0.133292707817189,5.09487921389954,3.48963668567605e-07,3.27859675278041e-05,"protein_coding","CG9547"
"FBgn0031855",82.0637722030579,0.649660451460233,0.244392762015705,2.65826387861063,0.00785443676280781,0.0935797326873176,"protein_coding","meng"
"FBgn0031906",192.563971008382,-2.13352499910618,0.342193091281676,-6.23485702506473,4.52190897606663e-10,8.11066037252679e-08,"protein_coding","CG5160"
"FBgn0031910",16805.0082898312,-1.43953878495085,0.310932621559766,-4.62974511239617,3.66116115061292e-06,0.000261719961962293,"protein_coding","CG15818"
"FBgn0031935",86.8572338652428,1.3108890590336,0.345539386586242,3.79374713830611,0.00014839079229182,0.00552405723003321,"protein_coding","CG13793"
"FBgn0032026",4176.87140461605,2.36933199938577,0.177603995138101,13.3405332326191,1.34494051632007e-40,2.21130636558291e-37,"protein_coding","CG7627"
"FBgn0032066",11250.6457618385,2.91249813150675,0.93819707606796,3.10435643619058,0.00190693447401278,0.0392567157364393,"protein_coding","LManIII"
"FBgn0032067",875.013903364252,4.48860564840731,0.898746508970133,4.99429550335697,5.90509237875448e-07,5.20122645682259e-05,"protein_coding","LManIV"
"FBgn0032068",28318.8505042354,1.30939575322102,0.322661814525623,4.05810571401544,4.94723736403391e-05,0.00232402364743783,"protein_coding","LManV"
"FBgn0032069",52107.2080724044,1.44584336759979,0.313118301025669,4.61756263643387,3.88273504979013e-06,0.000271317814552909,"protein_coding","LManVI"
"FBgn0032087",26122.2950575901,-0.625793646553279,0.237035462832199,-2.64008447966407,0.00828853632203954,0.0974569854790466,"protein_coding","CG9568"
"FBgn0032297",432.913029614424,0.592002773833705,0.128240378530322,4.6163523581126,3.90543635747725e-06,0.000271317814552909,"protein_coding","CG17124"
"FBgn0032338",31.7988588813368,-2.30572641510213,0.667469732267195,-3.45442842369836,0.00055146057572489,0.0157685755928291,"protein_coding","CG16854"
"FBgn0032401",343.428662491636,-0.940226518309372,0.322409592740613,-2.9162485840358,0.00354268116422833,0.0560072911620393,"protein_coding","Plzf"
"FBgn0032420",76.4122119153787,1.28323544100936,0.248539015451187,5.16311468716423,2.4287422939896e-07,2.37223195348588e-05,"protein_coding","CG6583"
"FBgn0032478",64.0930809688719,1.43594221229079,0.360011336787512,3.98860276208002,6.64636106226914e-05,0.00291406008352378,"protein_coding","Rsph1"
"FBgn0032587",1596.46209314606,-1.44504398818887,0.379196163656794,-3.81080856476374,0.000138513001696001,0.00527579444683805,"protein_coding","CG5953"
"FBgn0032663",43.1134709121418,2.04201753065436,0.338257452396385,6.03687373681698,1.57128572027192e-09,2.62724298821737e-07,"protein_coding","CG15153"
"FBgn0032684",554.929886409217,-0.780076113260655,0.287805253654062,-2.71043041555557,0.00671959464286816,0.0847236828358946,"protein_coding","Ugt301D1"
"FBgn0032699",2477.65000992212,-0.867063436242903,0.327824626593395,-2.64490024819987,0.00817150022531756,0.0965411373925242,"protein_coding","CG10383"
"FBgn0032773",265.328489369997,1.12891810568002,0.329889152369121,3.42211345105656,0.000621363806584013,0.0171222177428807,"protein_coding","fon"
"FBgn0032809",872.320637594587,-1.76738103595654,0.637501598871285,-2.77235545618355,0.00556522291809595,0.0745936468573594,"protein_coding","CG13078"
"FBgn0032869",25.7423584252367,-3.26699046368501,0.426668627664457,-7.6569737071324,1.90365588215541e-14,6.05792428305261e-12,"protein_coding","CG17470"
"FBgn0032935",1403.68008707298,-1.04547952909516,0.362497506715213,-2.88410129649944,0.00392532466380533,0.060058695442939,"protein_coding","Atg18b"
"FBgn0032981",542.983812126886,-1.88878590545002,0.268765885406123,-7.02762518612041,2.10078303298689e-12,5.75672906122657e-10,"protein_coding","CG3635"
"FBgn0033115",941.288960784148,7.5620038790653,0.345738806781202,21.8720135858248,4.79921278231696e-106,2.36721170487784e-102,"protein_coding","Spn42De"
"FBgn0033177",1302.88258691646,-1.11833532217921,0.241849224331545,-4.62410133946145,3.76225909802217e-06,0.00026701212951071,"protein_coding","CG11141"
"FBgn0033205",1568.5268740583,-1.14020759228492,0.282714407646978,-4.03307210896972,5.50523773332619e-05,0.0025378116934235,"protein_coding","CG2064"
"FBgn0033234",2568.92810998464,1.19747555532693,0.420515154436079,2.84763947908791,0.00440447888576341,0.0648724258487993,"protein_coding","MFS12"
"FBgn0033252",109.083594222461,1.05129359783112,0.272875565148444,3.85264835735373,0.00011684713671153,0.0045381771797608,"protein_coding","CG12769"
"FBgn0033289",157.443123083874,1.94303916577465,0.298035275708827,6.51949391277073,7.05450022179437e-11,1.42025805485717e-08,"protein_coding","CG2121"
"FBgn0033321",255.472836559799,0.704516202009484,0.2330585324753,3.02291529311054,0.00250352309418975,0.0457356580077442,"protein_coding","CG8738"
"FBgn0033362",10.5036310801387,-3.47724145307899,1.28821915732166,-2.69926233693693,0.0069493372026445,0.0865131009350969,"protein_coding","CG8172"
"FBgn0033443",3565.9302225533,-1.36485930496834,0.454475309621583,-3.00315391413625,0.0026719726075431,0.0478384932366836,"protein_coding","CG1698"
"FBgn0033520",286.097268539363,1.49046309771157,0.342279432230912,4.35452135700068,1.33357979425922e-05,0.000760448824876718,"protein_coding","Prx2540-1"
"FBgn0033541",895.642263266106,-1.95915241573236,0.263938327296974,-7.42276590064161,1.1469940630871e-13,3.51064524189589e-11,"protein_coding","CG12934"
"FBgn0033543",2842.21770184664,0.654961655612436,0.181957311824799,3.59953468780127,0.000318787108376316,0.0102437616421249,"protein_coding","CG12338"
"FBgn0033584",531.851829404293,0.613483828592826,0.220720358668175,2.77946190507565,0.00544490395991625,0.0737829362150739,"protein_coding","CG7737"
"FBgn0033592",861.876110390216,-1.25046033038802,0.437209873055692,-2.86009170298114,0.00423518521364344,0.0632074162369025,"protein_coding","CG13215"
"FBgn0033748",36.2193216793145,-1.37865255150952,0.370429356732284,-3.72176914829646,0.00019783184760608,0.00689615256761124,"protein_coding","vis"
"FBgn0033769",473.735063453085,-0.625756569667836,0.143454692933303,-4.36205018373829,1.28849304472352e-05,0.000745719391246795,"protein_coding","CG8768"
"FBgn0033802",2833.70056015667,-0.664522657434695,0.238287855459051,-2.78873909102301,0.00529136741637872,0.0721982566563985,"protein_coding","CG17724"
"FBgn0033827",71.2626533442306,-0.868211421055471,0.239405557349152,-3.6265299380217,0.000287255528389978,0.00954133261807116,"protein_coding","CG17047"
"FBgn0033866",26.6346769207318,-3.66696665535823,0.9314982373732,-3.93663295133974,8.26328484485018e-05,0.00342509684850618,"protein_coding","CG6280"
"FBgn0033867",25.2294771906214,-2.17042361289772,0.708071595672116,-3.06526010387059,0.00217480769857623,0.042209075861074,"protein_coding","Cpr50Ca"
"FBgn0033873",3718.24501975007,0.825395294696192,0.233613942950579,3.53315938368801,0.000410624837522078,0.0125221181035039,"protein_coding","CG6337"
"FBgn0033926",16057.2584940347,-0.621238941089469,0.168158953107132,-3.69435542747275,0.00022044527344867,0.00760382035864031,"protein_coding","Arc1"
"FBgn0033949",30.3909336833865,2.15065845789336,0.741238387177685,2.90143966515568,0.00371452302845578,0.0581647137709782,"protein_coding","Had2"
"FBgn0033968",228.299833943782,0.75744864549086,0.24992560892201,3.03069640905517,0.00243990439426466,0.0449060762116061,"protein_coding","hui"
"FBgn0034047",129.318009025251,-3.34093750716736,1.08847421540745,-3.06937680275389,0.00214505855878258,0.0419029756086934,"protein_coding","CG12970"
"FBgn0034052",5842.31387704985,1.19709371880102,0.261905647737448,4.57070601242273,4.86083800542682e-06,0.000328439499476271,"protein_coding","CG8299"
"FBgn0034160",6734.62303835387,-1.61478239368984,0.290538762950853,-5.55788968497463,2.73055863411671e-08,3.49830661370927e-06,"protein_coding","CG5550"
"FBgn0034184",964.01645648924,-0.735099211589243,0.208509007367806,-3.5255033864918,0.000422678772732832,0.0127841238459997,"protein_coding","CG9646"
"FBgn0034187",1769.18153621208,-3.53344312639409,1.10846851520033,-3.18768018932453,0.00143419066822729,0.0319374513364836,"protein_coding","CG6967"
"FBgn0034197",840.654817662286,2.71229947884522,0.393423083535338,6.89410355506402,5.42055282473336e-12,1.30423789307304e-09,"protein_coding","Cda9"
"FBgn0034253",18.1556725234772,4.34610836789168,0.786909961808148,5.52300590769656,3.33248525875424e-08,4.21473936892443e-06,"protein_coding","CG10936"
"FBgn0034279",1851.5652704818,-0.815513273751572,0.227372268717846,-3.58668749865697,0.000334905278475268,0.0105892326030722,"protein_coding","CG18635"
"FBgn0034296",36388.6126309687,-1.2142478395525,0.37414221751037,-3.24541787246675,0.00117278387822136,0.0276122027652832,"protein_coding","CG10912"
"FBgn0034318",5769.20341653956,0.658497230799384,0.19170237441472,3.43499778137762,0.000592558679978378,0.016466454585878,"protein_coding","CG14500"
"FBgn0034331",74.6346767935667,2.91046764372761,0.6002841772164,4.84848302552942,1.24409174212724e-06,0.000102274708634043,"protein_coding","BomBc2"
"FBgn0034390",3809.57025707102,0.805848653774286,0.287188013485148,2.80599682415353,0.00501611867100361,0.0698561611653352,"protein_coding","CG15093"
"FBgn0034394",11801.4903592754,1.18049435289901,0.33497262174707,3.52415175527502,0.000424840856071504,0.0127841238459997,"protein_coding","CG15096"
"FBgn0034438",971.949288576222,0.943390156648512,0.244784329496724,3.85396466590864,0.000116220375303717,0.0045381771797608,"protein_coding","CG9416"
"FBgn0034439",5040.70817607549,1.06996512127198,0.248620232863924,4.30361241700549,1.68035523167893e-05,0.000931275525871497,"protein_coding","CG10062"
"FBgn0034479",179.928580094795,0.68418428996197,0.21519638503241,3.17934843496059,0.00147606540490387,0.0325758058599031,"protein_coding","CG8654"
"FBgn0034490",6531.47197210368,1.10997528589193,0.334758611871767,3.31574826316079,0.000913981190492247,0.0229139916215941,"protein_coding","CG9864"
"FBgn0034497",254.992897361654,1.04823503801487,0.280569472589115,3.73609797367362,0.000186897873417239,0.00660841405469915,"protein_coding","Mpcp1"
"FBgn0034563",129.694895177987,-1.39920754053146,0.423715214384262,-3.30223577778478,0.000959174073672759,0.0236556305919544,"protein_coding","CG15649"
"FBgn0034564",110.52631281088,1.07609269065735,0.32346248416644,3.3267928842828,0.000878516437493542,0.0224536717745881,"protein_coding","CG9344"
"FBgn0034588",9783.70146102487,0.678953215920337,0.223285212258088,3.04074420806496,0.00235994226037673,0.0443003562488462,"protein_coding","CG9394"
"FBgn0034605",523.064338715894,1.00705199256318,0.247507186946678,4.06877878976554,4.72601894086954e-05,0.00225227907496029,"protein_coding","Ugt49C1"
"FBgn0034629",6078.51003028623,0.612027026819959,0.118899189445101,5.14744490417698,2.64058526092516e-07,2.55386015676733e-05,"protein_coding","Acox57D-d"
"FBgn0034715",93.0513436327646,-2.10598734184988,0.454416382305469,-4.63448815635829,3.57821718732788e-06,0.000257657755861237,"protein_coding","Oatp58Db"
"FBgn0034928",26.0921445662174,1.43402065027164,0.438971235374265,3.26677589489207,0.00108779755066274,0.0259833482743048,"protein_coding","CG13562"
"FBgn0035090",59.9281079369423,1.37081762223755,0.412853652774103,3.32034756874879,0.00089905440780282,0.0227414659819867,"protein_coding","CG2736"
"FBgn0035091",556.113979235024,0.669686559656055,0.25183788228825,2.65919707381252,0.00783271315919343,0.0934337549158926,"protein_coding","CG3829"
"FBgn0035131",239.637026843358,-0.614556081780478,0.218172696906594,-2.81683313491599,0.0048499716251672,0.0688211199343403,"protein_coding","mthl9"
"FBgn0035146",2625.37998444001,-0.975003473462073,0.355099969673207,-2.74571545122731,0.00603791072991228,0.0786842659849203,"protein_coding","CG13893"
"FBgn0035158",332.814145413988,0.612085755495619,0.11913107639156,5.13791845113374,2.7779837746593e-07,2.6606611589334e-05,"protein_coding","CG13895"
"FBgn0035194",140.627763026087,-0.603358702912715,0.151421836296767,-3.98462148966553,6.75877717709516e-05,0.00293723950890061,"protein_coding","Psf1"
"FBgn0035206",1358.40928816998,0.682797494859225,0.134743749267997,5.06737788259982,4.03333090685267e-07,3.71858031739267e-05,"protein_coding","sturkopf"
"FBgn0035279",322.59966870838,-0.957042487162169,0.253399043109695,-3.77681965731761,0.000158843658746891,0.00584698766245554,"protein_coding","Cpr62Ba"
"FBgn0035346",1400.43809101113,-0.694277173034786,0.191896810517375,-3.61797140433413,0.000296921192598997,0.00971739577411816,"protein_coding","CG1146"
"FBgn0035355",2092.10841595418,0.832868738667568,0.231840341082455,3.59242371184813,0.000327616581644991,0.0104593449123878,"protein_coding","CG16985"
"FBgn0035356",5050.57942077254,0.781991788657931,0.184604501494741,4.23603857070738,2.27497715397748e-05,0.00123992539359049,"protein_coding","CG16986"
"FBgn0035360",9324.32322709027,-0.589687708878878,0.147315930863385,-4.00287806907816,6.25765566982938e-05,0.00279143128720506,"protein_coding","CG1246"
"FBgn0035413",17.4671150463726,1.93958748392441,0.642971630308333,3.01659885521588,0.002556278510958,0.046333524725288,"protein_coding","CG14958"
"FBgn0035439",113.771291641238,-1.1599169530347,0.410733759474836,-2.82401172603335,0.0047426649715908,0.0681506871480953,"protein_coding","CG14961"
"FBgn0035557",455.485886686417,-0.753531591252434,0.238665917093114,-3.15726518654295,0.00159256442642933,0.0346049516888222,"protein_coding","CG11353"
"FBgn0035636",195.763349658862,-1.22917406740744,0.430348838093344,-2.85622722453087,0.00428708202543422,0.0638772980683483,"protein_coding","Cralbp"
"FBgn0035666",15714.3741537138,0.916715660375404,0.260133748352346,3.52401664982635,0.000425057538924268,0.0127841238459997,"protein_coding","Jon65Aii"
"FBgn0035667",76798.5953622609,0.792506824351514,0.258677235768831,3.06368986043961,0.00218625428995137,0.0422890168046475,"protein_coding","Jon65Ai"
"FBgn0035715",2790.0086442513,-0.659231986372764,0.220340636014239,-2.99187657028531,0.00277268342031473,0.0491428568528107,"protein_coding","Ist1"
"FBgn0035734",35.865149149175,1.51091442325693,0.370936137084148,4.07324677270302,4.63622553011718e-05,0.00223104218802956,"protein_coding","CG14823"
"FBgn0035844",58.8212716682042,1.94557764299133,0.468834384737397,4.14981858483157,3.3273888271842e-05,0.00171857019791477,"protein_coding","CG13676"
"FBgn0035904",4521.85546046003,-0.755828478858914,0.141834163788753,-5.32895924838418,9.8777154882756e-08,1.07244715509514e-05,"protein_coding","GstO3"
"FBgn0035934",1576.3000944761,0.636360828590301,0.171088840477429,3.71947595655283,0.000199636549230856,0.00693455830338871,"protein_coding","TrpA1"
"FBgn0035941",141.498707034412,3.71138326042999,0.424436857183627,8.74425299691706,2.2449591656513e-18,8.90648903610803e-16,"protein_coding","CG13313"
"FBgn0035975",1027.53425843329,-0.657790137170077,0.190549157318826,-3.45207581301168,0.000556291399424614,0.0158607359980457,"protein_coding","PGRP-LA"
"FBgn0035977",179.024052369358,-1.37161721133742,0.241703441877609,-5.67479387418887,1.38855750861414e-08,1.95687426035407e-06,"protein_coding","PGRP-LF"
"FBgn0036023",10463.5249092414,2.40890020937525,0.72472731947048,3.32387112319059,0.000887772119043357,0.0226005536452019,"protein_coding","CG18179"
"FBgn0036024",300473.988044963,1.00192206986673,0.301663269787118,3.32132602876639,0.000895908160373279,0.0227201388228339,"protein_coding","CG18180"
"FBgn0036091",12.7197616467926,-3.98497281221141,1.31256477637649,-3.03601992368899,0.0023972352322401,0.0445717792867794,"protein_coding","CG18628"
"FBgn0036157",23.7305165115843,1.55867324039023,0.53072297242324,2.93688670244185,0.00331525199129999,0.0545992669351826,"protein_coding","CG7560"
"FBgn0036196",3518.76295069051,-0.636021870002663,0.232329756383807,-2.73758247717507,0.00618925982154872,0.0801273597632258,"protein_coding","CG11658"
"FBgn0036262",1081.63577959719,2.57105212530429,0.639074904651893,4.02308415897625,5.74409592526614e-05,0.00263560494431398,"protein_coding","CG6910"
"FBgn0036361",101.468725008394,-8.64652817733405,2.30350374174919,-3.7536419067278,0.000174283792707983,0.00627485260972356,"protein_coding","CG10154"
"FBgn0036362",940.778180722017,-2.04268861919933,0.318516362554102,-6.41313558531035,1.4255662541436e-10,2.7574923719856e-08,"protein_coding","CG10725"
"FBgn0036449",5184.14952396083,1.13753949524286,0.34320400037256,3.31447038498393,0.000918169054074215,0.0229309815656763,"protein_coding","bmm"
"FBgn0036563",334.435806729518,-0.840889034795908,0.275725845590477,-3.04972873687308,0.00229048141324085,0.043369672056854,"protein_coding","CG13075"
"FBgn0036607",30.1279573068581,-2.72965175739525,1.01763173056678,-2.68235715868938,0.00731053642346964,0.0893660989064783,"protein_coding","CG13059"
"FBgn0036640",73.5448179492012,-1.54128775947854,0.364221033445998,-4.23173737358322,2.31893085647767e-05,0.00124735940259629,"protein_coding","nxf2"
"FBgn0036648",92.3457202660492,0.855571822224087,0.291141884500157,2.9386765277451,0.00329616890220815,0.0544176686424719,"protein_coding","CG4098"
"FBgn0036680",64.0348469207335,-2.11815899653479,0.61490770947632,-3.44467789863734,0.000571740262476283,0.0161610822043797,"protein_coding","Cpr73D"
"FBgn0036725",121.175883564687,0.743423531893911,0.2585365708279,2.8755062756239,0.00403380126798849,0.0610328980194884,"protein_coding","CG18265"
"FBgn0036767",8058.81043151445,-1.01156072200349,0.215082772164341,-4.70312295040804,2.56212023382645e-06,0.000195932682997658,"protein_coding","CG16775"
"FBgn0036799",12.1958077075097,4.68871561915192,1.36394358746003,3.43761696763674,0.000586857195868503,0.0164186966939686,"protein_coding","CG13380"
"FBgn0036815",51.0690749673826,-1.6690820170031,0.333679534190542,-5.00205090807278,5.67236058663146e-07,5.0835126324152e-05,"protein_coding","HipHop"
"FBgn0036826",48.9350705083298,0.970474836135976,0.316168479621741,3.0694863615027,0.00214427195888012,0.0419029756086934,"protein_coding","arx"
"FBgn0036831",55013.7142471091,1.09341214367852,0.198311835428559,5.51360003963263,3.51567049432971e-08,4.39013790209654e-06,"protein_coding","CG6839"
"FBgn0036836",87.6528369796346,-1.77898284192928,0.496850350463424,-3.58052045302974,0.00034291049871765,0.0107732868466548,"protein_coding","CG11619"
"FBgn0036927",834.135416839494,0.843274426580405,0.278802416158931,3.02463098490402,0.00248936651743522,0.0456460979451644,"protein_coding","Gabat"
"FBgn0036929",2274.89762377909,-0.640849591804606,0.211313391844904,-3.03269748409966,0.0024237844599314,0.0446927732658378,"protein_coding","CG7668"
"FBgn0036947",14.024739402,3.02863381055303,0.785307958066164,3.85661927839251,0.000114966011407372,0.00451848487065229,"protein_coding","obst-F"
"FBgn0036948",4674.9035944696,-2.92278715367825,0.961483675568863,-3.03987184384486,0.00236678836267461,0.0443003562488462,"protein_coding","CG7298"
"FBgn0037167",177.485763047242,1.24960197609805,0.358210397023307,3.48845814214809,0.000485814879931676,0.0142212575386528,"protein_coding","CG11425"
"FBgn0037174",896.999046208814,0.847393965269372,0.157162133140904,5.39184565858264,6.97376556760292e-08,7.90760888786239e-06,"protein_coding","CG14457"
"FBgn0037238",140.00264482946,2.89088485398335,0.421985843835551,6.85066785109962,7.35060069235875e-12,1.72651609119331e-09,"protein_coding","CG1090"
"FBgn0037386",3739.37281180984,1.00727820131938,0.330720046246913,3.04571256792627,0.00232129628304194,0.0437850627766898,"protein_coding","CG1208"
"FBgn0037448",1034.42588027899,1.05133052120195,0.243300008161781,4.32112817893076,1.55233460382139e-05,0.000865185359700452,"protein_coding","CG15186"
"FBgn0037517",3867.70226019637,-0.618035806933748,0.127630555804522,-4.84238122319492,1.28292325220746e-06,0.000103738015434644,"protein_coding","CG10086"
"FBgn0037578",213.618152455837,0.657017943478637,0.144084837034709,4.55993813783727,5.11686921873412e-06,0.000343387175801443,"protein_coding","CG9601"
"FBgn0037635",125.25575360372,1.46163411011265,0.329851757734815,4.43118484542906,9.37167081460949e-06,0.00056718731647928,"protein_coding","CG9837"
"FBgn0037724",32316.7216737125,-1.05391067554243,0.338254519423874,-3.11573272498321,0.00183488497971835,0.0383498735697489,"protein_coding","Fst"
"FBgn0037727",239.444211576795,0.822022651649157,0.300640847354884,2.73423474847654,0.00625254499666276,0.0807347596754949,"protein_coding","Nepl12"
"FBgn0037751",172.174592987254,-0.878993643739195,0.216507517132159,-4.05987586658549,4.90988116924756e-05,0.00231751089639365,"protein_coding","topi"
"FBgn0037786",361.142709152687,1.77993673915117,0.168168403580841,10.584251864504,3.52586063554742e-26,2.31884101131169e-23,"protein_coding","Alp13"
"FBgn0037811",13.3239335680783,4.33879675765157,1.04977865878849,4.13305864177006,3.57967345950391e-05,0.00179256236944193,"protein_coding","CG12592"
"FBgn0037817",259.21286107553,-3.71073207899792,0.221790623846154,-16.7307887711785,7.81958349425079e-63,1.9285047792696e-59,"protein_coding","Cyp12e1"
"FBgn0037818",1008.24412030444,0.700276208799308,0.237310108941806,2.95089076450187,0.00316858955887863,0.0534327111082695,"protein_coding","CG6465"
"FBgn0037930",698.483473640016,-0.833465547142894,0.0983679212236137,-8.47294053564707,2.39274743272428e-17,9.07863593224041e-15,"protein_coding","CG14715"
"FBgn0037950",11.9916559807881,-1.58436201602064,0.559732128601762,-2.83057186654346,0.00464648712578816,0.0672384130790351,"protein_coding","HisCl1"
"FBgn0037956",527.661598244165,-0.598180947789316,0.14532053379844,-4.11628647482808,3.85025695385009e-05,0.00190250654442971,"protein_coding","CG6959"
"FBgn0037974",322.805809527936,0.729560853913797,0.207017455597055,3.52415139008294,0.0004248414416295,0.0127841238459997,"protein_coding","CG12224"
"FBgn0037975",102.72897372915,7.95355168385105,1.20038458377382,6.62583624561914,3.45287785469407e-11,7.56947556367933e-09,"protein_coding","CG3397"
"FBgn0038009",27.1970833982557,2.61313371930238,0.498113537315911,5.24606043309579,1.55385951626963e-07,1.58029114721649e-05,"protein_coding","CG17738"
"FBgn0038020",739.994028803755,1.40903010318323,0.287287826554639,4.90459383567108,9.36208583078182e-07,7.96180833798816e-05,"protein_coding","GstD9"
"FBgn0038034",1217.3174353326,-1.19086548516489,0.16528054047841,-7.20511611178117,5.79944094011041e-13,1.63461385354826e-10,"protein_coding","Cyp9f3"
"FBgn0038088",585.097735629761,-1.03750895848543,0.315728555718813,-3.28607894247434,0.00101592533701433,0.0248687430512316,"protein_coding","CG10126"
"FBgn0038257",12250.363191681,0.896581207311768,0.313438015251449,2.86047372585774,0.00423008602936764,0.0632074162369025,"protein_coding","smp-30"
"FBgn0038301",243.350121832863,-0.897341117270338,0.184699571657935,-4.85838223237584,1.18348768766211e-06,9.81101347797201e-05,"protein_coding","CG6654"
"FBgn0038407",1388.76078389049,0.729054144969149,0.167162537704309,4.36134887027596,1.29263067311913e-05,0.000745719391246795,"protein_coding","CG6126"
"FBgn0038422",53.3185803664958,1.83697467298715,0.394910068111616,4.65162785484606,3.29324991870045e-06,0.000246120533696818,"protein_coding","CG14880"
"FBgn0038460",664.839455718606,0.853169790741653,0.277236040305778,3.07741298642358,0.00208805789769043,0.0410591152359871,"protein_coding","CG18622"
"FBgn0038479",286.807742238724,0.96348901570722,0.330740433593036,2.91312738887184,0.00357828594547263,0.0562995069411284,"protein_coding","CG17477"
"FBgn0038498",57.4097792457209,1.25295476340636,0.335972842298369,3.72933346289233,0.000191986943967267,0.00674003986561242,"protein_coding","beat-IIa"
"FBgn0038682",5282.41699198091,-0.599060992180665,0.138193786332885,-4.33493435614848,1.45803625069242e-05,0.000817245887106858,"protein_coding","CG5835"
"FBgn0038702",38482.5180086057,1.03572810640181,0.359548064104064,2.88063880689409,0.00396870155719479,0.0604185815767386,"protein_coding","CG3739"
"FBgn0038739",570.277883492971,0.606967715354458,0.106877045933185,5.67912136843591,1.35388391106309e-08,1.93566156270106e-06,"protein_coding","CG4686"
"FBgn0038783",72.0735019689157,-4.21401884724156,1.55409008139457,-2.71156665735881,0.00669660752679643,0.0845864702328383,"protein_coding","CG4367"
"FBgn0038790",1868.37507667948,-7.5512684361126,1.08988574220015,-6.92849547776346,4.25339765412597e-12,1.04899419644882e-09,"protein_coding","MtnC"
"FBgn0038820",11.7259055574051,4.36270006163804,1.39684696245346,3.12324841511291,0.00178866710508876,0.0378828566176624,"protein_coding","CG4000"
"FBgn0038832",838.552718702109,-3.2384968232422,0.967537822211306,-3.34715268891568,0.00081646225721622,0.0211957899143105,"protein_coding","CG15695"
"FBgn0038881",2135.48974243016,-0.694567083600351,0.248171539525338,-2.79873786062982,0.00513027680930226,0.0707080698094009,"protein_coding","CG16791"
"FBgn0038889",1907.79362284131,-0.591725462099817,0.127506685886885,-4.64074066378568,3.47162593226828e-06,0.000254400009661996,"protein_coding","Fancm"
"FBgn0038983",137.900512922226,1.32007144778969,0.396802128922265,3.32677511427439,0.000878572458691436,0.0224536717745881,"protein_coding","CG5326"
"FBgn0039053",32.851564563317,1.81567549442749,0.64685447092846,2.80693042412054,0.00500160431968719,0.0697890051113354,"protein_coding","CG6738"
"FBgn0039058",13.0671845405691,-4.91794453390421,1.20094884653082,-4.09504913394994,4.22078865662311e-05,0.00206768092567329,"protein_coding","VhaAC39-2"
"FBgn0039068",352.477152495322,-0.623923846988887,0.178076803559064,-3.50367838213104,0.000458879202163118,0.013553423141734,"protein_coding","CG13827"
"FBgn0039098",73.8378597414758,1.10846876432108,0.280234712450617,3.95550128186355,7.63743386641094e-05,0.00317904156506936,"protein_coding","GILT3"
"FBgn0039196",149.863683438754,1.08980783495024,0.243005403162321,4.48470618664505,7.30144730659158e-06,0.000453011180374377,"protein_coding","CG17781"
"FBgn0039315",1982.06333103468,0.878464497385109,0.223428476164682,3.93174814806336,8.4330387683377e-05,0.00346633031040214,"protein_coding","CG13658"
"FBgn0039316",1809.21126399964,-6.55802555097885,0.298086501916215,-22.0004109841316,2.85381088488076e-107,2.81528443793487e-103,"protein_coding","CG11893"
"FBgn0039431",174.095642155903,-1.12022597164621,0.330294774032546,-3.39159459887739,0.00069487170944071,0.0186782272851025,"protein_coding","plum"
"FBgn0039453",1624.60296625006,-2.26946657142929,0.806103820599074,-2.81535270449739,0.00487237267357929,0.0689612000356667,"protein_coding","CG6403"
"FBgn0039474",75412.6818425518,0.994491333039916,0.193885956158672,5.12925924467705,2.90884525523044e-07,2.75920754258156e-05,"protein_coding","CG6283"
"FBgn0039475",9531.31671098366,1.63941459660635,0.388942763050524,4.21505360775509,2.49718864998424e-05,0.00133035246866077,"protein_coding","CG6277"
"FBgn0039476",548.78155350709,-5.35792232028591,0.955354726085356,-5.60830670953023,2.04315712412273e-08,2.68743267059609e-06,"protein_coding","CG6271"
"FBgn0039485",10.3721171142981,5.04236140658133,1.8177807984193,2.773910589751,0.00553868982748325,0.0743390138069691,"protein_coding","CG17189"
"FBgn0039537",3202.59297058282,0.594125971712472,0.131523768497021,4.51725173709519,6.26474112468108e-06,0.000403920035928702,"protein_coding","CG5590"
"FBgn0039611",1053.59727083846,0.833509611040062,0.294151857569848,2.83360308490365,0.00460264603528784,0.0667722104972273,"protein_coding","Nepl18"
"FBgn0039629",69.7013411792843,0.850121615210521,0.287151648231672,2.9605319016823,0.0030710831398108,0.0525976305108221,"protein_coding","CG11842"
"FBgn0039642",89.4564181668116,0.6356358035524,0.238947837278659,2.66014461897441,0.00781071059569798,0.0934191599380334,"protein_coding","CG11882"
"FBgn0039645",5009.2398931069,-0.621806501356375,0.116760112782184,-5.32550445986942,1.00673245983593e-07,1.07950170829146e-05,"protein_coding","CG11898"
"FBgn0039678",463.775016642519,1.77585402068768,0.539875471783882,3.28937711287349,0.00100409391978352,0.0247017120166194,"protein_coding","Obp99a"
"FBgn0039682",555.045995291412,1.28079929753833,0.397255757550226,3.22411764510775,0.00126361476036276,0.0290291184107285,"protein_coding","Obp99c"
"FBgn0039714",5426.87988313329,-0.964225882381586,0.310558954111669,-3.10480786213259,0.00190402665042579,0.0392567157364393,"protein_coding","Zip99C"
"FBgn0039798",17.4691032803926,2.20981715629182,0.550983839457405,4.01067508344345,6.05453832488372e-05,0.00272730687556977,"protein_coding","CG11313"
"FBgn0039804",144.90888764749,-2.63778817057372,0.238449637608643,-11.0622444094589,1.91251000161234e-28,1.71517374235506e-25,"protein_coding","CG15544"
"FBgn0039809",275.137776486604,-1.06631087521023,0.252023386515095,-4.23099970980815,2.3265497220245e-05,0.00124735940259629,"protein_coding","CG15547"
"FBgn0039851",10.4877237690141,-3.02379879385613,0.844774574706106,-3.57941501128641,0.000344364217672097,0.0107846127216992,"protein_coding","mey"
"FBgn0039916",59.4834510647332,-4.59573632342943,0.463894033541987,-9.90686663576903,3.88643722774144e-23,2.39623145322933e-20,"protein_coding","Ekar"
"FBgn0040001",105.510730488573,-2.85575988421049,0.76614457017628,-3.72744256812186,0.000193432620487032,0.00676671206065449,NA,NA
"FBgn0040251",44.3783198397922,-1.99213894140496,0.618780459931834,-3.21946000302662,0.00128432276080305,0.029396389873137,"protein_coding","Ugt302K1"
"FBgn0040252",4960.54305164756,-0.680946096140056,0.257607059912869,-2.64335184125145,0.00820896832447746,0.0967161734234721,"protein_coding","Ugt303A1"
"FBgn0040253",224.806498081842,-3.89934012319107,0.402008484267472,-9.69964634029139,3.02545489583442e-22,1.75565367925921e-19,"protein_coding","Ugt35E1"
"FBgn0040370",69.5708167198511,-0.714655777271413,0.247279846973032,-2.89006882695682,0.00385157489084674,0.0594962253582163,"protein_coding","CG13375"
"FBgn0040466",251.581005533776,-0.674010577674047,0.191551895938664,-3.51868392829622,0.000433693070056476,0.0129839405671461,"protein_coding","Dlip2"
"FBgn0040475",4190.65350330969,-0.664475920566728,0.23391569301996,-2.84066413838266,0.00450196985161943,0.0658473398413857,"protein_coding","SH3PX1"
"FBgn0040531",238.167403127169,2.73126582088639,0.540505648936583,5.05316794793916,4.34541468357603e-07,3.96921443087755e-05,"protein_coding","CG11741"
"FBgn0040551",1477.33763158952,-0.972998749536243,0.284727973739381,-3.41729243093921,0.000632473030303228,0.0173797951084717,"protein_coding","CG11686"
"FBgn0040606",227.075663051384,0.838510784664738,0.31081966291671,2.69774047367599,0.00698118426133801,0.0867372578565485,"protein_coding","CG6503"
"FBgn0040729",502.916670417361,-0.990779768965999,0.246946045904075,-4.01213052567305,6.01732119982322e-05,0.00272297585487413,"protein_coding","CG15126"
"FBgn0040735",60.4141816096096,1.91480302266998,0.504273372588068,3.79715274840448,0.000146367604526633,0.00546938037369406,"protein_coding","BomT2"
"FBgn0040763",43.5360506009062,0.990339144457994,0.36929531846482,2.6816996992404,0.00732491808082144,0.0894310852318112,"protein_coding","CG18336"
"FBgn0040778",24.3326682542622,1.41002540681354,0.471927909232538,2.98779830399639,0.00280994927363898,0.0493073145317069,"protein_coding","CG17977"
"FBgn0040813",1485.11998592827,1.06315233964994,0.339810359972452,3.12866370447365,0.00175603161607653,0.0373345945961098,NA,NA
"FBgn0040827",16471.230379373,0.808638475149202,0.136051653057357,5.9436137450553,2.78806128713055e-09,4.58403743292381e-07,"protein_coding","CG13315"
"FBgn0040907",330.64623245671,0.653020865167338,0.148494534285082,4.39760876258017,1.09450041832907e-05,0.000650436543784111,"protein_coding","mRpL33"
"FBgn0041205",3171.52877069957,-0.650678741227419,0.243237303522114,-2.67507792515987,0.00747118822478217,0.0908794967169866,"protein_coding","key"
"FBgn0041707",661.71818892122,0.621991019603745,0.135043108467812,4.60587013036654,4.10744687086494e-06,0.000283356387280298,"protein_coding","7B2"
"FBgn0042086",20313.5672223794,-0.653326886148899,0.203767752628811,-3.20623296728908,0.0013448506060469,0.030458835397723,"protein_coding","Tsp42Eb"
"FBgn0042126",60.6411246039882,-2.27381690797769,0.738774013446267,-3.07782470226679,0.0020851753536774,0.0410591152359871,"protein_coding","CG18788"
"FBgn0042127",45.526883169684,-1.68632366726688,0.467483348752011,-3.60723793001114,0.000309473855573744,0.00997699210861105,"protein_coding","CG18789"
"FBgn0042179",1900.16980674305,-0.744210282555843,0.198977933428407,-3.74016490036375,0.000183899568359488,0.00652578863980701,"protein_coding","Ugt305A1"
"FBgn0043362",1723.88924581014,-0.728585570947879,0.22472155523994,-3.24217038356624,0.00118623079696138,0.0277961206936437,"protein_coding","bchs"
"FBgn0044050",72.2271260592958,1.34634359870818,0.429658455561903,3.13352054702949,0.00172722825235538,0.0369611859207936,"protein_coding","Ilp3"
"FBgn0044872",1072.83099052818,1.15261421802987,0.200628600561429,5.7450144934693,9.19131133056467e-09,1.39086751799462e-06,"protein_coding","FucTC"
"FBgn0050031",408.460588049737,-7.44014233063248,2.15742085074559,-3.44862817473059,0.000563441985534134,0.0160183146607903,"protein_coding","CG30031"
"FBgn0050043",3692.8415540548,1.35836576553588,0.342484242120786,3.96621391140332,7.30233310329288e-05,0.00310506534758553,"protein_coding","CG30043"
"FBgn0050047",3474.27988014231,0.717354784906328,0.234311629054444,3.06154153680372,0.00220200437732553,0.0424571247308267,"protein_coding","CG30047"
"FBgn0050082",13.8164875582431,-3.94382144686556,1.2859671603769,-3.06681349911741,0.00216353800707707,0.0421804396043781,"protein_coding","CG30082"
"FBgn0050156",27.3712785210304,-1.01735051577605,0.370864333453065,-2.74318780213682,0.00608458756276812,0.0789795477719835,"protein_coding","CG30156"
"FBgn0050265",72.6462497854985,2.03370314004455,0.513299550051714,3.96202011055662,7.43182787443449e-05,0.00311081710642441,"protein_coding","CG30265"
"FBgn0050277",1053.15678982737,0.699928835460218,0.229426196863024,3.0507799241344,0.00228247807432786,0.0433012426985468,"protein_coding","Oatp58Da"
"FBgn0050289",13.037389645325,-3.45427393262347,0.781301333542568,-4.42118013156477,9.81632968164931e-06,0.000590476172618722,"protein_coding","CG30289"
"FBgn0050293",21.8572417037813,-2.39016168684431,0.903047659708293,-2.64677247224846,0.00812640092036515,0.0962388296271335,"protein_coding","Cht12"
"FBgn0050372",4101.42610104527,-0.714793856046303,0.219969009541152,-3.24952072811229,0.00115599653162439,0.0273474958860303,"protein_coding","Asap"
"FBgn0050381",290.360179820188,0.884574741072781,0.213692903982515,4.13946707909945,3.48113549441228e-05,0.00176109752063472,"protein_coding","PIG-X"
"FBgn0050486",36.346304113902,-1.96030097916163,0.434188695567927,-4.51485955109338,6.3358741793385e-06,0.000403920035928702,"protein_coding","CG30486"
"FBgn0050488",73.5913191863744,-2.01401391274619,0.355673730078343,-5.66253209733138,1.49155465180788e-08,2.06322034656357e-06,"protein_coding","antr"
"FBgn0051015",416.238933439702,-0.8286437250434,0.298616577924055,-2.77494213751971,0.00552115298834262,0.0742826810748005,"protein_coding","PH4alphaPV"
"FBgn0051032",10.5038090223099,-2.02468869553438,0.593720288535726,-3.41017265980215,0.000649217651154464,0.0176920777034221,"pseudogene","CR31032"
"FBgn0051121",207.416895342947,0.872478945400934,0.301885312189157,2.89010067788343,0.00385118466117681,0.0594962253582163,"protein_coding","CG31121"
"FBgn0051233",22861.8349360379,-2.99503727165147,0.258360681695504,-11.5924654324195,4.49990409740587e-31,4.43915539209089e-28,"protein_coding","CG31233"
"FBgn0051266",6948.65572822391,0.671189719858054,0.193357007806783,3.47124589623748,0.00051804937392848,0.0150310502170719,"protein_coding","CG31266"
"FBgn0051358",15.3403570523301,6.643520542007,1.25571500300525,5.29062767117325,1.21897295032806e-07,1.2930288338695e-05,"protein_coding","CG31358"
"FBgn0051410",21824.0113969183,-0.910180303655277,0.251354942376682,-3.62109571050836,0.000293357955262943,0.0096788502631068,"protein_coding","Npc2e"
"FBgn0051414",173.679378688897,1.22327201760831,0.355983207908084,3.43631943988818,0.000589675260053496,0.0164326170633552,"protein_coding","Gba1b"
"FBgn0051436",605.673494620045,-1.91076573788941,0.174852538522865,-10.9278695867464,8.48162936786878e-28,6.43625182415581e-25,"protein_coding","CG31436"
"FBgn0051454",489.560616389752,-1.0636545235285,0.294613914215564,-3.61033363397169,0.000305803396845355,0.00992352141407705,"protein_coding","CG31454"
"FBgn0051778",42.9547859902814,1.36988663955899,0.402888889518223,3.40015988327976,0.00067346461594789,0.0183022821937354,"protein_coding","CG31778"
"FBgn0051798",45.7569741593535,-2.34333922716704,0.751223886133223,-3.11936197773066,0.00181243151932983,0.037975940585634,"protein_coding","CG31798"
"FBgn0051865",23.6601570410216,-9.11402953152995,3.1829113839461,-2.86342547188059,0.00419087391845234,0.0628312632302923,"protein_coding","Ada1-1"
"FBgn0052010",41.9990506394857,-5.31390593864534,1.76023806896975,-3.01885638784958,0.00253730776491274,0.0461182869758861,"pseudogene","CR32010"
"FBgn0052011",36.3184086449481,5.30347197702746,0.983436893174889,5.39279339003231,6.93707016717813e-08,7.90760888786239e-06,"pseudogene","CR32011"
"FBgn0052107",1931.53102300941,-1.60025955551352,0.344927442344674,-4.6394092178796,3.49406578443404e-06,0.000254400009661996,"protein_coding","CG32107"
"FBgn0052187",19.7698867398107,1.32401077407066,0.458750442747087,2.8861242425015,0.00390018159675344,0.0599303605170914,"protein_coding","CG32187"
"FBgn0052207",496.853827341933,-2.1704688117535,0.337979189121449,-6.42190076079969,1.34583154404142e-10,2.65532563639372e-08,"ncRNA","hpRNA:CR32207"
"FBgn0052364",98.7975136277365,-0.98832334298748,0.200645094373745,-4.92572891488946,8.40464512192675e-07,7.25568617490914e-05,"protein_coding","tut"
"FBgn0052368",4552.95666887811,-2.12983851541508,0.444539010493446,-4.7911172363724,1.65855175688934e-06,0.000130892904653707,"protein_coding","CG32368"
"FBgn0052369",1491.99475552354,-0.600420104178961,0.20521784361227,-2.92576948285924,0.00343605437916379,0.0554727869438658,"protein_coding","CG32369"
"FBgn0052379",1496.98011723168,0.676411240030995,0.251155272407066,2.69319944410598,0.00707699204434974,0.0872681581468878,"protein_coding","CG32379"
"FBgn0052423",6771.70478073797,-0.682249524730553,0.204231856197777,-3.34056369771162,0.000836084991222298,0.0216482373711495,"protein_coding","shep"
"FBgn0052448",354.908240031758,0.73072720703992,0.173525148719116,4.21107379785477,2.5415969477647e-05,0.00134079432565234,"protein_coding","CG32448"
"FBgn0052475",387.99683540286,11.173104406551,1.18569413120627,9.42326027639526,4.37294434118e-21,2.15695479628704e-18,"protein_coding","mthl8"
"FBgn0052485",1973.29184562686,-0.61578114774318,0.198391771493841,-3.10386435438577,0.00191010882447956,0.0392567157364393,"protein_coding","CG32485"
"FBgn0052495",7174.66933987603,0.650607158543931,0.183358571995764,3.54827784413025,0.000387758949690603,0.0119166418651022,"protein_coding","Gss2"
"FBgn0052573",41.316589876515,0.988507206137723,0.362907433765197,2.72385493976211,0.00645248402055668,0.0822399933627799,"protein_coding","CG32573"
"FBgn0052580",44.4119645936247,-2.53087025418891,0.485098609286612,-5.21722842683639,1.81620226448406e-07,1.82824850399339e-05,"protein_coding","Muc14A"
"FBgn0052581",1639.31690685199,-0.709218458991249,0.102231811103242,-6.93735591043203,3.99506451914647e-12,1.01054644824051e-09,"protein_coding","CG32581"
"FBgn0052667",108.383614963478,1.30497377159081,0.384304858552426,3.39567336334571,0.000684600040330828,0.0184524027264033,"protein_coding","ssp7"
"FBgn0052695",991.2798765393,0.748596619195081,0.228339228061183,3.27844070224542,0.00104382292278953,0.0251611595812492,"protein_coding","CG32695"
"FBgn0052823",13.4867780636237,-8.35187022494342,1.31221454575626,-6.36471395013386,1.95654021664996e-10,3.64174891268903e-08,"protein_coding","Sdic3"
"FBgn0052982",970.253118021111,-1.40955936043784,0.31953366200348,-4.41130161873992,1.0275106878126e-05,0.000614326844561895,"protein_coding","CG32982"
"FBgn0053013",56.2271452304527,2.06502144239893,0.3661943831101,5.63914013333749,1.70901415548116e-08,2.28042834443262e-06,"pseudogene","CR33013"
"FBgn0053182",2468.21765633244,-0.71903730978613,0.238019766176995,-3.02091427672206,0.00252012696824747,0.0459538863988195,"protein_coding","Kdm4B"
"FBgn0053192",846.325634239727,1.09560597781591,0.349406840330842,3.13561685506361,0.00171493091467694,0.0369143347214289,"protein_coding","MtnD"
"FBgn0053339",75.8730534935819,1.61177202930759,0.544606804451938,2.95951504118569,0.00308123660171057,0.0526467562521583,"protein_coding","CG33339"
"FBgn0053340",53.0156039412393,2.68328611330352,0.917906734835993,2.92326661464464,0.00346379784505474,0.0554727869438658,"protein_coding","CG33340"
"FBgn0053346",21662.8341867489,1.05982731510905,0.228379851566746,4.64063404822427,3.47341770207184e-06,0.000254400009661996,"protein_coding","CG33346"
"FBgn0053493",54.9831304303381,1.2363250973952,0.410556649414914,3.01133862807262,0.00260098611802604,0.0468224964495017,"protein_coding","CG33493"
"FBgn0053509",102.134561905934,1.09333821546363,0.406116362278605,2.69217967315873,0.00709866908591624,0.0873171702401043,"protein_coding","CG33509"
"FBgn0053510",749.791714883219,0.996416529967626,0.351024216204917,2.83859769203487,0.00453122465293064,0.0660273725275639,"protein_coding","CG33510"
"FBgn0053511",200.672708904213,0.928466048196809,0.348678767305481,2.66281212180429,0.00774906665513877,0.0931115012825139,"protein_coding","CG33511"
"FBgn0053774",204.724114785278,0.783571852802787,0.191903696919571,4.08315142115887,4.44290525734465e-05,0.00214849315508358,"protein_coding","CG33774"
"FBgn0053958",59.3820212211034,-2.83828084523297,0.818695655712849,-3.46683266904799,0.000526629617654825,0.0151906467197803,"protein_coding","CG33958"
"FBgn0054034",44.3401673045284,-1.13257237145014,0.422740899319161,-2.6791170981426,0.0073816574392277,0.0900124235327333,"protein_coding","CG34034"
"FBgn0054054",27.7544238577413,1.73670515517131,0.404134977218981,4.29733938676205,1.72860426702502e-05,0.000952663748279433,"protein_coding","CG34054"
"FBgn0058178",688.821106520483,-1.50117710734953,0.117404587268878,-12.7863582017588,1.95418748421635e-37,2.75400850454204e-34,NA,NA
"FBgn0062928",1083.67262874716,-1.2022436798013,0.218653986590992,-5.49838444999486,3.83286570865621e-08,4.72640252698668e-06,"ncRNA","hpRNA:CR33940"
"FBgn0083940",104.805530203369,-0.850697540042398,0.196128691702871,-4.33744564681633,1.44148165485839e-05,0.000812583801438741,"protein_coding","RhoU"
"FBgn0084017",96.3669747114963,-1.57705537376742,0.53506830138158,-2.94739077178626,0.00320467946102546,0.0536743003107235,"pseudogene","CR41454"
"FBgn0085244",400.114456008903,2.08111546050412,0.363344118657941,5.72767069463239,1.01818968365062e-08,1.47712371017844e-06,"protein_coding","CG34215"
"FBgn0085284",94.01495160348,0.72952844798199,0.245127702716532,2.97611587714189,0.00291924534974624,0.0506122238580786,"protein_coding","Blos3"
"FBgn0085285",11.9085729785754,-2.3395322623042,0.765333356169295,-3.05688004246177,0.00223653761384257,0.042841637981664,"protein_coding","CG34256"
"FBgn0085354",354.485724852778,-0.742592581713538,0.177282869214347,-4.18874415223782,2.80502420463364e-05,0.0014641039036355,"protein_coding","CG34325"
"FBgn0085395",64.3182302896979,5.92891898075555,0.735849170811524,8.05724762075481,7.80314792779666e-16,2.7492162252755e-13,"protein_coding","Shawl"
"FBgn0085409",175.998717054319,0.613012842352631,0.183780634026101,3.33556822023788,0.000851252647695535,0.021925867805526,"protein_coding","smal"
"FBgn0085434",613.64425975229,-0.637294717847708,0.18685216187312,-3.41068956044757,0.000647988235144389,0.0176920777034221,"protein_coding","NaCP60E"
"FBgn0085491",141.70268207688,-1.02842028892214,0.362251359824151,-2.83896874651173,0.00452595896133293,0.0660273725275639,"protein_coding","CG34462"
"FBgn0085732",762.883987793775,-0.845852216580649,0.158735738381827,-5.32868165167704,9.89282221121719e-08,1.07244715509514e-05,"pseudogene","CR40190"
"FBgn0085736",1993.75880362087,0.727905959457487,0.159112753593171,4.57478073265353,4.76718990987402e-06,0.000324333299730395,"protein_coding","CG40472"
"FBgn0085792",10.6787829383108,-7.97683731663115,1.40911217220667,-5.66089589882644,1.50584759201802e-08,2.06322034656357e-06,"pseudogene","CR41509"
"FBgn0086251",317.995430390284,-0.891845940379853,0.276348961470129,-3.22724549292817,0.00124988175427817,0.0288760737844359,"protein_coding","del"
"FBgn0086680",185.503193788924,0.781732242239372,0.188610879579607,4.14468266083998,3.40284619406435e-05,0.001736929830217,"protein_coding","vvl"
"FBgn0086704",211.728140057495,0.823823597199021,0.214329807123475,3.84371921132005,0.000121183653059315,0.0046881440683535,"protein_coding","stops"
"FBgn0086708",6970.30760563655,-0.812349026157484,0.226185771524442,-3.59151250179192,0.000328764402306173,0.0104621317056464,"protein_coding","stv"
"FBgn0087002",4429.64552569358,1.40136708644148,0.404421358845725,3.4651164083944,0.000530002013455963,0.0151990402986717,"protein_coding","apolpp"
"FBgn0087012",127.413803347502,1.58482905598793,0.254613031829981,6.22446166481456,4.83212273642406e-10,8.51230192764703e-08,"protein_coding","5-HT2A"
"FBgn0087035",7531.38470811886,-0.820019562247896,0.169246539500859,-4.84511863383615,1.26536047052839e-06,0.000103163479683989,"protein_coding","AGO2"
"FBgn0250867",89.8244081552553,0.875349208046273,0.269601221670017,3.24682953075662,0.00116698264638487,0.0275413488195856,"protein_coding","CG42238"
"FBgn0259098",120.35107049055,0.967433644178021,0.304405246360817,3.17811094172571,0.00148238017304893,0.03264214376591,"protein_coding","CG42246"
"FBgn0259219",84.680842938228,0.903670992384175,0.30690754561649,2.94444045215296,0.0032353919945527,0.0538734352917874,"protein_coding","CG42319"
"FBgn0259714",21.5224155661619,1.92922682387351,0.581308954260076,3.31876330088386,0.000904170358350715,0.0228069853734507,"protein_coding","DIP-epsilon"
"FBgn0259715",291.991395725607,1.59965044488119,0.439190888405201,3.64226692108727,0.000270247636211412,0.00909895198370506,"protein_coding","CG42369"
"FBgn0259734",1575.35066349637,-0.856743096189688,0.286742217127068,-2.98785126506164,0.00280946241564774,0.0493073145317069,"protein_coding","Nost"
"FBgn0259735",4244.53031064319,-0.701902928602636,0.248265237288516,-2.82723000718355,0.00469525902329911,0.067618584328242,"protein_coding","mtgo"
"FBgn0259821",51.1363847742185,-1.67696057317979,0.347803543057405,-4.82157415200055,1.42429755480677e-06,0.000113312059501361,"protein_coding","CG42402"
"FBgn0259896",74.6524434359994,2.2362083090703,0.69602497005285,3.21282770774805,0.0013143510929859,0.0300140591025599,"protein_coding","NimC1"
"FBgn0260000",676.806404741727,-0.81730256060319,0.265841422858974,-3.07439883451406,0.00210927244296961,0.0413677388665908,"protein_coding","CG17570"
"FBgn0260233",42.6683736694694,-1.63611297620853,0.436559122899809,-3.7477466175504,0.000178430367794074,0.00635456887468789,"protein_coding","CG42507"
"FBgn0260388",2659.9053194522,1.1530728738479,0.356946660571537,3.23037865658028,0.00123626368791762,0.0286958618383702,"protein_coding","CG42514"
"FBgn0260393",47.9245648706384,-2.78115639154396,0.564760711794375,-4.92448630625807,8.45822514054284e-07,7.25568617490914e-05,"protein_coding","CG17147"
"FBgn0260430",23.5351002734301,2.31380834331577,0.47382099123589,4.88329640542212,1.04326863453827e-06,8.79644878608553e-05,"protein_coding","CG42525"
"FBgn0260746",560.310725356,1.98213021838468,0.679494330152457,2.9170666044262,0.00353340312384329,0.0559502757892681,"protein_coding","Ect3"
"FBgn0260874",96.8324222772942,1.44013586615635,0.251248141268724,5.73192644882513,9.92963321355528e-09,1.46202733808542e-06,"protein_coding","Ir76a"
"FBgn0260932",31.2721105091718,-2.23396925524978,0.663909180417303,-3.36487176430609,0.000765792414770701,0.0200003935383368,"protein_coding","cuff"
"FBgn0261086",22.2128433926309,1.839343962295,0.541379515245591,3.39751303937054,0.000680013471527561,0.0183789942373134,"protein_coding","Syt14"
"FBgn0261244",551.781588060981,-1.00092890168473,0.334573878145213,-2.99165286672591,0.00277471578986473,0.0491428568528107,"protein_coding","inaE"
"FBgn0261555",404.860297067548,0.885553513057675,0.296366310931852,2.98803703522599,0.00280775528535283,0.0493073145317069,"protein_coding","CG42673"
"FBgn0261640",65.296970027697,-9.58600680017187,3.2786194972067,-2.92379362970875,0.00345793916881831,0.0554727869438658,"pseudogene","CR42723"
"FBgn0261840",76.6508594872114,-1.33748808282737,0.334207596535512,-4.00196792859331,6.2817815079526e-05,0.00279143128720506,"protein_coding","pre-mod(mdg4)-X"
"FBgn0261842",167.341743358252,-5.43689065777036,0.456187402782915,-11.9181078315694,9.524717566392e-33,1.04401487547174e-29,"protein_coding","pre-mod(mdg4)-AE"
"FBgn0261854",4724.25223564295,-0.669171632929727,0.133822509814799,-5.000441509099,5.71991791381741e-07,5.0835126324152e-05,"protein_coding","aPKC"
"FBgn0262003",42.718313477197,3.08618142181625,0.855112600959029,3.60909360750271,0.000307268727926027,0.00993838033111561,"protein_coding","CG42821"
"FBgn0262031",190.156949688767,-2.44897948266866,0.349403154708052,-7.00903655181628,2.39964764578427e-12,6.39797946639508e-10,"pseudogene","CR42842"
"FBgn0262127",1190.30372610241,-0.677149577730615,0.186404714626969,-3.63268482283679,0.000280487537206362,0.0093480052518269,"protein_coding","kibra"
"FBgn0262146",1596.50527638916,-1.16249292568157,0.424917871742025,-2.7358061474697,0.00622276721693392,0.0804555682766096,"protein_coding","MtnE"
"FBgn0262366",1237.59711333344,-1.31037734826339,0.24162713861399,-5.42313812835724,5.85617036053306e-08,6.79660242431278e-06,"protein_coding","CG43064"
"FBgn0262508",11799.5424647001,-0.676214813613705,0.164041617821924,-4.12221497563973,3.75246761169238e-05,0.00186960065602754,"protein_coding","CG43078"
"FBgn0262636",10.8512481734709,-1.93283735217245,0.703041430855842,-2.74925099338672,0.00597316278474099,0.0779434535336903,"protein_coding","dati"
"FBgn0262719",51.5124680296679,-0.990322519895022,0.372292558747482,-2.66006530785037,0.00781255012152839,0.0934191599380334,"protein_coding","CG43163"
"FBgn0262844",78.4248977327037,0.872959019551857,0.287356423040621,3.03789631815,0.00238235907249985,0.0444271687149547,"protein_coding","CG43208"
"FBgn0262848",246.910929889176,-0.992342962955407,0.324764290572313,-3.05557905152275,0.0022462637939259,0.042861493862822,"pseudogene","CR43212"
"FBgn0262937",749.646403416981,-0.619487363021115,0.202560808311715,-3.05827849021912,0.00222612589484521,0.0427251594409494,"protein_coding","Rabex-5"
"FBgn0262993",135.478436412935,-1.08390985665076,0.280208754017756,-3.86822267723325,0.000109631527412514,0.00432606007169782,"ncRNA","lncRNA:CR43301"
"FBgn0263076",309.756478760354,-0.672438455770045,0.252587636371596,-2.66219861521956,0.00776320558988326,0.0931337798295517,"protein_coding","Klp54D"
"FBgn0263081",5766.91629400365,-1.10792533831068,0.26541342420071,-4.17433798477671,2.98853806879102e-05,0.00155168042361176,"protein_coding","CG43349"
"FBgn0263093",178.552538088516,1.12659029958558,0.247737931503012,4.54750829939775,5.42847802865805e-06,0.000359408964783299,"pseudogene","CR43361"
"FBgn0263118",73.7801523191511,-0.888798090319789,0.32682704541635,-2.71947533958683,0.00653855703291419,0.0829085670047539,"protein_coding","tx"
"FBgn0263131",53.4724682624911,0.916712056762523,0.293888976639588,3.11924614269128,0.00181314424894411,0.037975940585634,"protein_coding","CG43373"
"FBgn0263219",364.032398215501,-0.632845078285801,0.161929615006688,-3.90814909465242,9.30059076205166e-05,0.00377573365710451,"protein_coding","Dscam4"
"FBgn0263456",559.967575936649,-0.724507865227607,0.115642229282458,-6.26508040983873,3.72633071255286e-10,6.80745416283962e-08,"protein_coding","nwk"
"FBgn0263504",521.788432602857,0.708397016017293,0.136811607490728,5.17790141501921,2.24395747835099e-07,2.21366405239325e-05,"ncRNA","lncRNA:CR43493"
"FBgn0263507",252.049113441919,2.09775615331211,0.171464475308087,12.2343485409608,2.03732846315587e-34,2.51228066112908e-31,"ncRNA","lncRNA:CR43496"
"FBgn0263584",14.149890658135,-1.92702270818089,0.631555055133029,-3.05123471424828,0.00227902342169258,0.0433012426985468,"ncRNA","asRNA:CR43609"
"FBgn0263659",70.9398953380343,0.892080412129405,0.254268192660778,3.50842314484667,0.000450771455649059,0.013353935165099,"ncRNA","lncRNA:CR43650"
"FBgn0263747",156.675660724921,-0.813606751724706,0.261623262315622,-3.1098410153726,0.00187188067849634,0.0387130039693216,"protein_coding","CG43672"
"FBgn0263974",155.752170498694,1.42705802518716,0.262673354570163,5.43282369664935,5.54692060440543e-08,6.51432997172138e-06,"protein_coding","qin"
"FBgn0264267",88.1944407083125,1.89702343118689,0.477531958971467,3.97255805720899,7.11048982511343e-05,0.00306309965610236,"ncRNA","asRNA:CR43767"
"FBgn0264295",127.127651000648,-2.84856864026099,0.301004894505526,-9.46352930552991,2.97721000192021e-21,1.54579877204962e-18,"protein_coding","CG43773"
"FBgn0264328",95.5528362856842,0.727427472242748,0.245005296045633,2.96902754341793,0.00298743817380343,0.0516130955946949,"ncRNA","asRNA:CR43787"
"FBgn0264339",42.5200618065129,2.56136830123258,0.68231389310975,3.75394422874602,0.000174073610352511,0.00627485260972356,"protein_coding","CG43795"
"FBgn0264341",35.2167220762568,1.03046353884252,0.306855616774739,3.35813810310331,0.000784693979024842,0.0204248182139316,"protein_coding","CG43797"
"FBgn0264554",35.0125540851801,-0.981790854038976,0.349385520991792,-2.81005020257277,0.0049533772830503,0.0693510234396838,"ncRNA","asRNA:CR43933"
"FBgn0264711",16.1822965344112,3.22512725790895,0.6849605669714,4.7084860259461,2.49563471179365e-06,0.000192339347123784,"protein_coding","CG43980"
"FBgn0264821",470.699457267212,-0.641888351302491,0.204754825416677,-3.13491196115278,0.00171905694055338,0.0369143347214289,"ncRNA","asRNA:CR44029"
"FBgn0264845",37.951847088483,-3.77384166618326,1.28353095680377,-2.94020307510216,0.0032799719992085,0.0544027438227706,"pseudogene","Tep5Psi"
"FBgn0264984",32.1719569531572,-0.992065148316924,0.330880228061141,-2.99826059154434,0.00271525394094785,0.0483501446343872,"ncRNA","lncRNA:CR44135"
"FBgn0264987",689.097312125255,2.63866504958763,0.965200801574541,2.73379906573135,0.00626082380306967,0.0807359827676893,"ncRNA","lncRNA:CR44138"
"FBgn0265301",61.7706398094492,-1.24978138164046,0.270586377692515,-4.61878898819017,3.85986129275194e-06,0.000271317814552909,"ncRNA","lncRNA:CR44274"
"FBgn0265434",22125.8194715037,-0.751954999304739,0.256236985637301,-2.93460757600824,0.0033396976384384,0.054727769440523,"protein_coding","zip"
"FBgn0265541",16.5968620843426,-1.76704373999978,0.647496273677822,-2.72904078654052,0.00635188472033982,0.081484190853254,"pseudogene","CR44391"
"FBgn0265829",42.8196335483139,1.36939251833421,0.451443268583045,3.03336568209856,0.00241842344643152,0.0446774293989643,"ncRNA","lncRNA:CR44618"
"FBgn0266361",31.0014501130209,1.27406843014813,0.451599725423857,2.82123384586279,0.00478393161792397,0.0684455597856575,"ncRNA","asRNA:CR45009"
"FBgn0266431",449.362797806371,-1.29425511237082,0.413526375563162,-3.12980063389725,0.00174924977536893,0.0372707322548908,"protein_coding","CG45061"
"FBgn0266445",33.7602978042193,1.50158047302718,0.508545054685081,2.95269899725411,0.00315008960098441,0.053327181770142,"protein_coding","CG45075"
"FBgn0266569",151.507708642522,0.705536634483365,0.176461156627223,3.99825461857207,6.38112875888529e-05,0.00282286256530957,"protein_coding","CG42259"
"FBgn0266632",36.4260678328118,-2.17095228078683,0.398138226967655,-5.4527602067289,4.95939255264571e-08,5.96639116242073e-06,"ncRNA","asRNA:CR45139"
"FBgn0266707",288.973885960383,2.09108752266953,0.190492470351141,10.977271273846,4.91547722528186e-28,4.0409319022838e-25,"ncRNA","lncRNA:CR45197"
"FBgn0266853",66.2074083285328,-1.17331666138583,0.406229403519548,-2.88831052410357,0.00387317299279631,0.0597013305842744,"ncRNA","lncRNA:CR45314"
"FBgn0267002",1884.43824415511,-1.25232361027213,0.415759515611721,-3.01213457118244,0.00259417567004485,0.0467852705392916,"protein_coding","unc-104"
"FBgn0267024",20.4445174896542,-1.77140984094487,0.563461691961486,-3.1437981786807,0.00166770414278636,0.0360068226678661,"ncRNA","asRNA:CR45468"
"FBgn0267130",20.037062276838,-8.84913521245462,1.38332877259809,-6.39698630415578,1.5847353533335e-10,3.00642581935288e-08,"ncRNA","lncRNA:CR45570"
"FBgn0267160",620.661980301214,-1.01080943721697,0.264503624060002,-3.82153341304568,0.000132624440209005,0.00509081752008495,"ncRNA","asRNA:CR45600"
"FBgn0267164",918.958689338631,1.91139846721663,0.675617283885811,2.82911422310458,0.00466770363820985,0.0674185891521818,"ncRNA","asRNA:CR45604"
"FBgn0267180",68.8779716089812,1.25864503682303,0.392064131665157,3.21030396603068,0.00132594675941496,0.0301393197733378,"ncRNA","asRNA:CR45620"
"FBgn0267195",13.6733697456239,-7.23787911849759,1.35704602381853,-5.3335546410808,9.63085646231636e-08,1.06751010113203e-05,"ncRNA","lncRNA:CR45635"
"FBgn0267242",95.2642930128324,0.883355127155757,0.286424424138294,3.08407751822605,0.00204184385578055,0.0405847947629246,"ncRNA","asRNA:CR45682"
"FBgn0267522",217.735959656959,-0.994683469851957,0.256870535178211,-3.87231439044525,0.000107806767950967,0.00427113962183248,"pseudogene","28SrRNA-Psi:CR45862"
"FBgn0267605",78.9147709782355,5.03433241309029,1.25578041776438,4.00892731075767,6.0995186618375e-05,0.00273507961813759,"ncRNA","asRNA:CR45943"
"FBgn0267698",6049.29856811627,-0.586567658141158,0.221429132835369,-2.64900851405703,0.00807282978520717,0.0957193098931114,"protein_coding","Pak"
"FBgn0267728",99.752987213689,0.689210006008674,0.223084476214767,3.08945749028794,0.00200522400077521,0.0401800161413027,"protein_coding","otk2"
"FBgn0267910",141.141960894156,-4.17455465871419,0.299225766803929,-13.9511871029797,3.09412118547162e-44,6.1047010989355e-41,"ncRNA","lncRNA:CR34335"
"FBgn0267959",46.8360866311049,2.32357316252155,0.44108315128439,5.26788011683406,1.38008182172788e-07,1.43310601803637e-05,"ncRNA","lncRNA:CR46239"
"FBgn0268063",90.2719628747938,1.04427602734092,0.337340458489583,3.09561453736262,0.00196405501310705,0.0398670837537058,"protein_coding","ltl"
"FBgn0283427",13506.3941008439,0.866878642969073,0.238612410495037,3.63299897591498,0.000280146130579566,0.0093480052518269,"protein_coding","FASN1"
"FBgn0283499",2209.60178026476,-0.788497648895416,0.266878155613962,-2.95452299976164,0.00313152810552959,0.0532629737259472,"protein_coding","InR"
"FBgn0286075",653.118962769594,-0.587930882449141,0.134314108807193,-4.37728312885666,1.20167832185844e-05,0.000701453055925057,"protein_coding","DNAlig3"
